username,date_posted,entry
leon_admin,7/20/2014 12:38:45 PM,Test1
leon_admin,8/15/2014 11:36:18 PM,Test2
leon_admin,9/25/2014 10:35:17 PM,Test3
leon_admin,10/24/2014 8:12:17 AM,Test4
leon_admin,11/19/2014 2:06:16 PM,Test5
leon_admin,12/14/2014 12:07:15 PM,Test6
leon_admin,1/17/2015 12:08:14 PM,Test7
leon_admin,2/23/2015 11:12:13 AM,Test8
leon_admin,3/26/2015 6:35:10 AM,Test9
leon_admin,4/20/2015 4:39:12 AM,Test10
leon_admin,5/3/2015 2:20:02 AM,Test11
leon_admin,6/14/2015 7:25:10 AM,Test12
leon_admin,7/5/2015 12:01:20 PM,Test13
leon_admin,8/26/2015 1:02:21 PM,Test14
leon_admin,9/27/2015 3:57:22 PM,Test15
bryan,9/30/2015 9:40:00 AM,Hello
bryan,9/30/2015 9:48:27 AM,&lt;a href=&quot;#&quot;&gt;Logout&lt;/a&gt;
leon_admin,9/30/2015 9:49:53 AM,hello
leon_admin,9/30/2015 9:57:55 AM,
